Дата,Всего (накоп.),За сутки,Летальных всего,Летальных за сутки
2020-04-15,27,0,3,0
2020-04-16,32,5,5,0
2020-04-17,42,5,5,0
2020-04-18,44,2,5,0
2020-04-19,52,8,6,0
2020-04-20,58,6,6,0
2020-04-21,62,4,6,0
2020-04-22,66,4,6,0
2020-04-23,72,6,6,0
2020-04-24,93,12,8,2
2020-04-25,110,17,8,0
2020-04-26,124,14,8,0
2020-04-27,128,4,8,0
2020-04-28,142,14,9,1
2020-04-29,149,7,10,1
2020-04-30,153,4,11,1
2020-05-01,177,24,11,0
2020-05-02,195,18,11,0
2020-05-03,196,1,11,0
2020-05-04,214,18,11,0
2020-05-05,226,12,12,1
2020-05-06,243,17,12,0
2020-05-07,270,27,13,1
2020-05-08,277,7,14,1
2020-05-09,293,16,15,1
2020-05-10,308,15,18,3
2020-05-11,328,20,19,1
2020-05-12,339,11,19,0
2020-05-13,351,12,19,0
2020-05-14,367,16,19,0
2020-05-15,386,19,19,0
2020-05-16,405,19,19,0
2020-05-17,424,19,19,0
2020-05-18,451,27,9,0
2020-05-19,461,10,9,0
2020-05-20,494,33,9,0
2020-05-21,513,19,9,0
2020-05-22,543,30,10,1
2020-05-23,566,23,10,1
2020-05-24,592,26,10,0
2020-05-25,608,16,10,0
2020-05-26,629,21,10,0
2020-05-27,671,42,10,0
2020-05-28,723,52,10,0
2020-05-29,765,42,10,0
2020-05-30,824,59,10,0
2020-05-31,887,63,10,0
2020-06-01,910,23,10,0
2020-06-02,954,44,10,0
2020-06-03,1066,112,10,0
2020-06-04,1131,65,10,0
2020-06-05,1163,32,11,1
2020-06-06,1232,69,11,0
2020-06-07,1269,37,11,0
2020-06-08,1306,37,12,1
2020-06-09,1366,60,12,0
2020-06-10,1425,59,12,0
2020-06-11,1535,110,12,0
2020-06-12,1635,100,12,0
2020-06-13,1740,105,12,0
2020-06-14,1838,98,19,7
2020-06-15,1901,63,19,0
2020-06-16,1996,95,19,0
2020-06-17,2047,51,19,0
2020-06-18,2088,41,19,0
2020-06-19,2183,95,19,0
2020-06-20,2278,95,19,0
2020-06-21,2353,75,19,0
2020-06-22,2414,61,19,0
2020-06-23,2458,44,19,0
2020-06-24,2527,69,19,0
2020-06-25,2564,37,19,0
2020-06-26,2609,45,19,0
2020-06-27,2667,58,19,0
2020-06-28,2722,55,21,2
2020-06-29,2757,35,21,0
2020-06-30,2830,73,21,0
2020-07-01,2875,45,21,0
2020-07-02,2932,57,23,2
2020-07-03,2967,35,23,0
2020-07-04,3018,51,25,2
2020-07-05,3044,26,26,1
2020-07-06,3082,38,26,0
2020-07-07,3109,27,28,2
2020-07-08,3137,28,28,0
2020-07-09,3172,35,28,0
2020-07-10,3198,26,28,0
2020-07-11,3214,16,28,0
2020-07-12,3245,31,28,0
2020-07-13,3257,12,36,8
2020-07-14,3291,34,36,0
2020-07-15,3327,36,38,2
2020-07-16,3354,27,39,1
2020-07-17,3372,18,41,2
2020-07-18,3402,30,42,1
2020-07-19,3421,19,42,0
2020-07-20,3437,16,45,3
2020-07-21,3454,17,45,0
2020-07-22,3486,32,45,0
2020-07-23,3534,48,45,0
2020-07-24,3554,20,48,3
2020-07-25,3582,28,49,1
2020-07-26,3618,36,49,0
2020-07-27,3633,15,50,1
2020-07-28,3646,13,52,2
2020-07-29,3686,40,52,0
2020-07-30,3728,42,52,0
2020-07-31,3761,33,53,1
2020-08-01,3797,36,53,0
2020-08-02,3834,37,53,0
2020-08-03,3835,1,53,0
2020-08-04,3839,4,53,0
2020-08-05,3869,30,53,0
2020-08-06,3889,20,54,1
2020-08-07,3908,19,54,0
2020-08-08,3928,20,54,0
2020-08-09,3961,33,54,0
2020-08-10,3982,21,54,0
2020-08-11,4001,19,57,3
2020-08-12,4038,37,57,0
2020-08-13,4070,32,57,0
2020-08-14,4109,39,57,0
2020-08-15,4143,34,57,0
2020-08-16,4190,47,57,0
2020-08-17,4215,25,57,0
2020-08-18,4242,27,59,2
2020-08-19,4279,37,59,0
2020-08-20,4314,35,59,0
2020-08-21,4350,36,60,1
2020-08-22,4384,34,60,0
2020-08-23,4434,50,60,0
2020-08-24,4458,24,60,0
2020-08-25,4499,41,60,0
2020-08-26,4527,28,60,0
2020-08-27,4557,30,60,0
2020-08-28,4581,24,60,0
2020-08-29,4603,22,60,0
2020-08-30,4635,32,60,0
2020-08-31,4638,3,61,1
2020-09-01,4662,24,61,0
2020-09-02,4685,23,61,0
2020-09-03,4711,26,61,0
2020-09-04,4745,34,61,0
2020-09-05,4766,21,61,0
2020-09-06,4791,25,61,0
2020-09-07,4812,21,62,1
2020-09-08,4832,20,62,0
2020-09-09,4859,27,62,0
2020-09-10,4877,18,62,0
2020-09-11,4915,38,62,0
2020-09-12,4947,32,62,0
2020-09-13,4968,21,62,0
2020-09-14,4982,14,62,0
2020-09-15,5001,19,62,0
2020-09-16,5030,29,62,0
2020-09-17,5057,27,62,0
2020-09-18,5091,34,62,0
2020-09-19,5133,42,62,0
2020-09-20,5172,39,62,0
2020-09-21,5196,24,62,0
2020-09-22,5219,23,62,0
2020-09-23,5244,25,62,0
2020-09-24,5276,32,62,0
2020-09-25,5320,44,62,0
2020-09-26,5361,41,62,0
2020-09-27,5398,37,62,0
2020-09-28,5412,14,62,0
2020-09-29,5446,34,62,0
2020-09-30,5476,30,62,0
2020-10-01,5514,38,62,0
2020-10-02,5562,48,62,0
2020-10-03,5611,49,62,0
2020-10-04,5661,50,62,0
2020-10-05,5719,58,62,0
2020-10-06,5769,50,62,0
2020-10-07,5818,49,62,0
2020-10-08,5855,37,62,0
2020-10-09,5900,45,62,0
2020-10-10,5956,56,62,0
2020-10-11,6019,63,62,0
2020-10-12,6080,61,62,0
2020-10-13,6144,64,62,0
2020-10-14,6208,64,63,1
2020-10-15,6273,65,63,0
2020-10-16,6348,75,63,0
2020-10-17,6435,87,63,0
2020-10-18,6524,89,63,0
2020-10-19,6622,98,63,0
2020-10-20,6707,85,63,0
2020-10-21,6805,98,63,0
2020-10-22,6902,97,63,0
2020-10-23,7011,109,63,0
2020-10-24,7121,110,63,0
2020-10-25,7231,110,63,0
2020-10-26,7341,110,63,0
2020-10-27,7457,116,63,0
2020-10-28,7572,115,63,0
2020-10-29,7682,110,63,0
2020-10-30,7799,117,63,0
2020-10-31,7918,119,66,3
2020-11-01,8035,117,66,0
2020-11-02,8155,120,66,0
2020-11-03,8281,126,66,0
2020-11-04,8401,120,66,0
2020-11-05,8519,118,66,0
2020-11-06,8646,127,66,0
2020-11-07,8774,128,66,0
2020-11-08,8859,85,66,0
2020-11-09,8988,129,66,0
2020-11-10,9118,130,66,0
2020-11-11,9255,137,66,0
2020-11-12,9403,148,66,0
2020-11-13,9555,152,66,0
2020-11-14,9705,150,66,0
2020-11-15,9865,160,66,0
2020-11-16,10035,170,66,0
2020-11-17,10202,167,66,0
2020-11-18,10367,165,67,1
2020-11-19,10530,163,68,1
2020-11-20,10699,169,69,1
2020-11-21,10866,167,70,1
2020-11-22,11035,169,71,1
2020-11-23,11205,170,72,1
2020-11-24,11380,175,72,0
2020-11-25,11558,178,72,0
2020-11-26,11738,180,72,0
2020-11-27,11923,185,72,0
2020-11-28,12118,195,72,0
2020-11-29,12312,194,72,0
2020-11-30,12507,195,72,0
2020-12-01,12702,195,72,0
2020-12-02,12901,199,72,0
2020-12-03,13100,199,72,0
2020-12-04,13298,198,72,0
2020-12-05,14178,880,72,0
2020-12-06,14428,250,72,0
2020-12-07,14712,284,72,0
2020-12-08,15047,335,72,0
2020-12-09,15318,271,79,7
2020-12-10,15615,297,79,0
2020-12-11,15945,330,79,0
2020-12-12,16274,329,79,0
2020-12-13,16602,328,79,0
2020-12-14,16950,348,79,0
2020-12-15,17309,359,79,0
2020-12-16,17666,357,86,7
2020-12-17,18041,375,86,0
2020-12-18,18434,393,86,0
2020-12-19,18829,395,86,0
2020-12-20,19223,394,86,0
2020-12-21,19621,398,86,0
2020-12-22,20037,416,86,0
2020-12-23,20479,442,95,9
2020-12-24,20895,416,95,0
2020-12-25,21320,425,95,0
2020-12-26,21718,398,95,0
2020-12-27,22114,396,95,0
2020-12-28,22508,394,95,0
2020-12-29,22903,395,95,0
2020-12-30,23295,392,95,0
2020-12-31,23598,303,98,3
2021-01-01,23868,270,98,0
2021-01-02,24073,205,98,0
2021-01-03,24318,245,98,0
2021-01-04,24513,195,98,0
2021-01-05,24755,242,101,3
2021-01-06,25016,261,102,1
2021-01-07,25183,167,102,0
2021-01-08,25366,183,104,2
2021-01-09,25571,205,104,0
2021-01-10,25810,239,105,1
2021-01-11,26039,229,106,1
2021-01-12,26284,245,106,0
2021-01-13,26483,199,107,1
2021-01-14,26757,274,108,1
2021-01-15,26941,184,108,0
2021-01-16,27212,271,110,2
2021-01-17,27422,210,111,1
2021-01-18,27605,183,111,0
2021-01-19,27802,197,112,1
2021-01-20,27934,132,114,2
2021-01-21,28129,195,115,1
2021-01-22,28292,163,117,2
2021-01-23,28473,181,118,1
2021-01-24,28565,92,120,2
2021-01-25,28710,145,121,1
2021-01-26,28773,63,122,1
2021-01-27,28871,98,124,2
2021-01-28,29007,136,127,3
2021-01-29,29178,171,128,1
2021-01-30,29328,150,130,2
2021-01-31,29493,165,131,1
2021-02-01,29608,115,132,1
2021-02-02,29650,42,135,3
2021-02-03,29751,101,137,2
2021-02-04,29875,124,139,2
2021-02-05,30038,163,139,0
2021-02-06,30121,83,140,1
2021-02-07,30214,93,140,0
2021-02-08,30254,40,142,2
2021-02-09,30335,81,144,2
2021-02-10,30411,76,145,1
2021-02-11,30476,65,146,1
2021-02-12,30591,115,148,2
2021-02-13,30702,111,150,2
2021-02-14,30806,104,152,2
2021-02-15,30864,58,153,1
2021-02-16,30923,59,155,2
2021-02-17,30993,70,157,2
2021-02-18,31108,115,159,2
2021-02-19,31199,91,161,2
2021-02-20,31314,115,163,2
2021-02-21,31425,111,165,2
2021-02-22,31542,117,165,0
2021-02-23,31596,54,165,0
2021-02-24,31659,63,168,3
2021-02-25,31731,72,168,0
2021-02-26,31806,75,168,0
2021-02-27,31902,96,168,0
2021-02-28,31996,94,168,0
2021-03-01,32095,99,168,0
2021-03-02,32184,89,169,1
2021-03-03,32276,92,171,2
2021-03-04,32366,90,173,2
2021-03-05,32463,97,175,2
2021-03-06,32557,94,178,3
2021-03-07,32655,98,180,2
2021-03-08,32744,89,181,1
2021-03-09,32797,53,184,3
2021-03-10,32831,34,186,2
2021-03-11,32906,75,188,2
2021-03-12,33000,94,191,3
2021-03-13,33097,97,193,2
2021-03-14,33192,95,196,3
2021-03-15,33284,92,199,3
2021-03-16,33336,52,202,3
2021-03-17,33402,66,205,3
2021-03-18,33470,68,208,3
2021-03-19,33543,73,211,3
2021-03-20,33613,70,214,3
2021-03-21,33682,69,214,0
2021-03-22,33750,68,214,0
2021-03-23,33813,63,214,0
2021-03-24,33886,73,217,3
2021-03-25,33962,76,220,3
2021-03-26,34031,69,223,3
2021-03-27,34102,71,227,4
2021-03-28,34148,46,229,2
2021-03-29,34199,51,232,3
2021-03-30,34266,67,235,3
2021-03-31,34343,77,239,4
2021-04-01,34432,89,244,5
2021-04-02,34523,91,246,2
2021-04-03,34604,81,251,5
2021-04-04,34683,79,252,1
2021-04-05,34734,51,257,5
2021-04-06,34784,50,261,4
2021-04-07,34828,44,266,5
2021-04-08,34895,67,266,0
2021-04-09,34965,70,267,1
2021-04-10,35032,67,270,3
2021-04-11,35098,66,275,5
2021-04-12,35147,49,279,4
2021-04-13,35206,59,281,2
2021-04-14,35257,51,286,5
2021-04-15,35327,70,289,3
2021-04-16,35400,73,291,2
2021-04-17,35471,71,296,5
2021-04-18,35540,69,298,2
2021-04-19,35589,49,303,5
2021-04-20,35644,55,307,4
2021-04-21,35703,59,309,2
2021-04-22,35762,59,313,4
2021-04-23,35831,69,315,2
2021-04-24,35909,78,320,5
2021-04-25,35960,51,324,4
2021-04-26,36005,45,326,2
2021-04-27,36057,52,331,5
2021-04-28,36122,65,334,3
2021-04-29,36191,69,336,2
2021-04-30,36263,72,336,0
2021-05-01,36353,90,338,2
2021-05-02,36430,77,342,4
2021-05-03,36499,69,346,4
2021-05-04,36550,51,348,2
2021-05-05,36585,35,353,5
2021-05-06,36634,49,356,3
2021-05-07,36674,40,358,2
2021-05-08,36731,57,361,3
2021-05-09,36784,53,361,0
2021-05-10,36836,52,365,4
2021-05-11,36887,51,367,2
2021-05-12,36942,55,367,0
2021-05-13,36974,32,367,0
2021-05-14,37031,57,367,0
2021-05-15,37096,65,367,0
2021-05-16,37163,67,368,1
2021-05-17,37214,51,369,1
2021-05-18,37273,59,374,5
2021-05-19,37327,54,374,0
2021-05-20,37362,35,378,4
2021-05-21,37400,38,383,5
2021-05-22,37452,52,386,3
2021-05-23,37485,33,388,2
2021-05-24,37510,25,392,4
2021-05-25,37561,51,393,1
2021-05-26,37611,50,396,3
2021-05-27,37663,52,398,2
2021-05-28,37716,53,401,3
2021-05-29,37751,35,403,2
2021-05-30,37786,35,404,1
2021-05-31,37806,20,405,1
2021-06-01,37853,47,405,0
2021-06-02,37896,43,407,2
2021-06-03,37941,45,410,3
2021-06-04,37982,41,411,1
2021-06-05,38021,39,415,4
2021-06-06,38060,39,416,1
2021-06-07,38093,33,416,0
2021-06-08,38136,43,419,3
2021-06-09,38181,45,421,2
2021-06-10,38229,48,423,2
2021-06-11,38279,50,423,0
2021-06-12,38323,44,426,3
2021-06-13,38368,45,430,4
2021-06-14,38413,45,432,2
2021-06-15,38462,49,435,3
2021-06-16,38515,53,437,2
2021-06-17,38573,58,440,3
2021-06-18,38636,63,441,1
2021-06-19,38695,59,441,0
2021-06-20,38759,64,442,1
2021-06-21,38828,69,442,0
2021-06-22,38903,75,442,0
2021-06-23,38985,82,446,4
2021-06-24,39075,90,446,0
2021-06-25,39173,98,451,5
2021-06-26,39280,107,455,4
2021-06-27,39393,113,458,3
2021-06-28,39501,108,458,0
2021-06-29,39616,115,461,3
2021-06-30,39737,121,464,3
2021-07-01,39864,127,466,2
2021-07-02,39997,133,471,5
2021-07-03,40132,135,474,3
2021-07-04,40271,139,476,2
2021-07-05,40411,140,481,5
2021-07-06,40553,142,483,2
2021-07-07,40697,144,487,4
2021-07-08,40844,147,491,4
2021-07-09,40990,146,494,3
2021-07-10,41130,140,497,3
2021-07-11,41271,141,497,0
2021-07-12,41401,130,502,5
2021-07-13,41531,130,507,5
2021-07-14,41660,129,509,2
2021-07-15,41793,133,514,5
2021-07-16,41924,131,514,0
2021-07-17,42052,128,515,1
2021-07-18,42179,127,517,2
2021-07-19,42304,125,521,4
2021-07-20,42429,125,524,3
2021-07-21,42556,127,528,4
2021-07-22,42684,128,530,2
2021-07-23,42809,125,535,5
2021-07-24,42931,122,538,3
2021-07-25,43054,123,542,4
2021-07-26,43174,120,547,5
2021-07-27,43290,116,549,2
2021-07-28,43408,118,553,4
2021-07-29,43523,115,555,2
2021-07-30,43642,119,560,5
2021-07-31,43758,116,563,3
2021-08-01,43874,116,566,3
2021-08-02,43989,115,568,2
2021-08-03,44104,115,573,5
2021-08-04,44217,113,578,5
2021-08-05,44327,110,582,4
2021-08-06,44435,108,586,4
2021-08-07,44547,112,589,3
2021-08-08,44656,109,594,5
2021-08-09,44762,106,594,0
2021-08-10,44865,103,599,5
2021-08-11,44972,107,601,2
2021-08-12,45081,109,604,3
2021-08-13,45188,107,608,4
2021-08-14,45292,104,613,5
2021-08-15,45394,102,616,3
2021-08-16,45502,108,621,5
2021-08-17,45607,105,626,5
2021-08-18,45711,104,628,2
2021-08-19,45813,102,631,3
2021-08-20,45918,105,637,6
2021-08-21,46018,100,641,4
2021-08-22,46119,101,644,3
2021-08-23,46216,97,646,2
2021-08-24,46321,105,651,5
2021-08-25,46424,103,655,4
2021-08-26,46519,95,660,5
2021-08-27,46616,97,662,2
2021-08-28,46715,99,668,6
2021-08-29,46806,91,671,3
2021-08-30,46894,88,675,4
2021-08-31,46983,89,677,2
2021-09-01,47068,85,681,4
2021-09-02,47160,92,685,4
2021-09-03,47250,90,685,0
2021-09-04,47337,87,690,5
2021-09-05,47421,84,692,2
2021-09-06,47512,91,696,4
2021-09-07,47607,95,699,3
2021-09-08,47697,90,701,2
2021-09-09,47788,91,703,2
2021-09-10,47879,91,706,3
2021-09-11,47975,96,709,3
2021-09-12,48073,98,713,4
2021-09-13,48170,97,715,2
2021-09-14,48262,92,719,4
2021-09-15,48359,97,721,2
2021-09-16,48461,102,724,3
2021-09-17,48568,107,726,2
2021-09-18,48685,117,730,4
2021-09-19,48808,123,735,5
2021-09-20,48935,127,739,4
2021-09-21,49065,130,744,5
2021-09-22,49197,132,746,2
2021-09-23,49336,139,750,4
2021-09-24,49485,149,754,4
2021-09-25,49633,148,759,5
2021-09-26,49787,154,763,4
2021-09-27,49942,155,769,6
2021-09-28,50101,159,769,0
2021-09-29,50265,164,769,0
2021-09-30,50433,168,773,4
2021-10-01,50606,173,777,4
2021-10-02,50788,182,782,5
2021-10-03,50979,191,786,4
2021-10-04,51176,197,792,6
2021-10-05,51375,199,797,5
2021-10-06,51578,203,799,2
2021-10-07,51787,209,805,6
2021-10-08,52005,218,811,6
2021-10-09,52230,225,816,5
2021-10-10,52459,229,823,7
2021-10-11,52691,232,828,5
2021-10-12,52926,235,832,4
2021-10-13,53163,237,832,0
2021-10-14,53406,243,832,0
2021-10-15,53653,247,835,3
2021-10-16,53905,252,839,4
2021-10-17,54159,254,846,7
2021-10-18,54413,254,852,6
2021-10-19,54672,259,852,0
2021-10-20,54933,261,856,4
2021-10-21,55202,269,862,6
2021-10-22,55476,274,869,7
2021-10-23,55757,281,874,5
2021-10-24,56039,282,880,6
2021-10-25,56321,282,884,4
2021-10-26,56600,279,886,2
2021-10-27,56881,281,893,7
2021-10-28,57165,284,897,4
2021-10-29,57454,289,897,0
2021-10-30,57744,290,904,7
2021-10-31,58032,288,909,5
2021-11-01,58317,285,909,0
2021-11-02,58603,286,915,6
2021-11-03,58887,284,919,4
2021-11-04,59174,287,924,5
2021-11-05,59464,290,931,7
2021-11-06,59756,292,936,5
2021-11-07,60047,291,940,4
2021-11-08,60336,289,947,7
2021-11-09,60630,294,954,7
2021-11-10,60925,295,958,4
2021-11-11,61220,295,962,4
2021-11-12,61513,293,968,6
2021-11-13,61808,295,973,5
2021-11-14,62100,292,977,4
2021-11-15,62387,287,981,4
2021-11-16,62672,285,988,7
2021-11-17,62959,287,994,6
2021-11-18,63243,284,1001,7
2021-11-19,63525,282,1006,5
2021-11-20,63801,276,1013,7
2021-11-21,64073,272,1018,5
2021-11-22,64340,267,1025,7
2021-11-23,64600,260,1031,6
2021-11-24,64856,256,1035,4
2021-11-25,65101,245,1043,8
2021-11-26,65337,236,1048,5
2021-11-27,65561,224,1055,7
2021-11-28,65775,214,1063,8
2021-11-29,65977,202,1069,6
2021-11-30,66175,198,1073,4
2021-12-01,66368,193,1081,8
2021-12-02,66557,189,1086,5
2021-12-03,66747,190,1092,6
2021-12-04,66934,187,1098,6
2021-12-05,67119,185,1103,5
2021-12-06,67304,185,1111,8
2021-12-07,67484,180,1117,6
2021-12-08,67663,179,1123,6
2021-12-09,67840,177,1128,5
2021-12-10,68017,177,1135,7
2021-12-11,68193,176,1140,5
2021-12-12,68367,174,1148,8
2021-12-13,68539,172,1153,5
2021-12-14,68711,172,1161,8
2021-12-15,68884,173,1161,0
2021-12-16,69055,171,1168,7
2021-12-17,69225,170,1173,5
2021-12-18,69393,168,1181,8
2021-12-19,69560,167,1186,5
2021-12-20,69727,167,1191,5
2021-12-21,69889,162,1195,4
2021-12-22,70051,162,1200,5
2021-12-23,70208,157,1206,6
2021-12-24,70365,157,1214,8
2021-12-25,70520,155,1220,6
2021-12-26,70672,152,1225,5
2021-12-27,70824,152,1231,6
2021-12-28,70976,152,1239,8
2021-12-29,71121,145,1239,0
2021-12-30,71261,140,1246,7
2021-12-31,71381,120,1251,5
2022-01-01,71500,119,1257,6
2022-01-02,71605,105,1263,6
2022-01-03,71704,99,1271,8
2022-01-04,71781,77,1276,5
2022-01-05,71859,78,1279,3
2022-01-06,71937,78,1286,7
2022-01-07,72012,75,1294,8
2022-01-08,72088,76,1299,5
2022-01-09,72164,76,1307,8
2022-01-10,72243,79,1313,6
2022-01-11,72322,79,1318,5
2022-01-12,72408,86,1322,4
2022-01-13,72504,96,1326,4
2022-01-14,72615,111,1334,8
2022-01-15,72740,125,1340,6
2022-01-16,72875,135,1345,5
2022-01-17,73015,140,1352,7
2022-01-18,73154,139,1357,5
2022-01-19,73298,144,1361,4
2022-01-20,73444,146,1361,0
2022-01-21,73596,152,1369,8
2022-01-22,73755,159,1374,5
2022-01-23,73925,170,1381,7
2022-01-24,74106,181,1386,5
2022-01-25,74299,193,1391,5
2022-01-26,74500,201,1398,7
2022-01-27,74712,212,1404,6
2022-01-28,74937,225,1410,6
2022-01-29,75174,237,1414,4
2022-01-30,75423,249,1421,7
2022-01-31,75680,257,1427,6
2022-02-01,75963,283,1432,5
2022-02-02,76258,295,1438,6
2022-02-03,76578,320,1443,5
2022-02-04,76947,369,1451,8
2022-02-05,77366,419,1457,6
2022-02-06,77820,454,1464,7
2022-02-07,78327,507,1468,4
2022-02-08,78864,537,1476,8
2022-02-09,79451,587,1481,5
2022-02-10,80100,649,1481,0
2022-02-11,80803,703,1488,7
2022-02-12,81563,760,1491,3
2022-02-13,82374,811,1499,8
2022-02-14,83236,862,1504,5
2022-02-15,84116,880,1511,7
2022-02-16,85041,925,1511,0
2022-02-17,85993,952,1518,7
2022-02-18,86990,997,1522,4
2022-02-19,88032,1042,1525,3
2022-02-20,89030,998,1533,8
2022-02-21,90001,971,1538,5
2022-02-22,90970,969,1543,5
2022-02-23,91907,937,1549,6
2022-02-24,92839,932,1549,0
2022-02-25,93764,925,1557,8
2022-02-26,94681,917,1562,5
2022-02-27,95601,920,1568,6
2022-02-28,96526,925,1572,4
2022-03-01,97443,917,1578,6
2022-03-02,98330,887,1583,5
2022-03-03,99179,849,1588,5
2022-03-04,99969,790,1592,4
2022-03-05,100720,751,1596,4
2022-03-06,101426,706,1603,7
2022-03-07,102060,634,1608,5
2022-03-08,102511,451,1616,8
2022-03-09,102744,233,1622,6
2022-03-10,103168,424,1628,6
2022-03-11,103527,359,1633,5
2022-03-12,103818,291,1638,5
2022-03-13,103988,170,1645,7
2022-03-14,104090,102,1651,6
2022-03-15,104340,250,1655,4
2022-03-16,104588,248,1655,0
2022-03-17,104834,246,1663,8
2022-03-18,105078,244,1668,5
2022-03-19,105315,237,1672,4
2022-03-20,105518,203,1677,5
2022-03-21,105675,157,1682,5
2022-03-22,105901,226,1687,5
2022-03-23,106125,224,1693,6
2022-03-24,106324,199,1699,6
2022-03-25,106519,195,1703,4
2022-03-26,106669,150,1710,7
2022-03-27,106774,105,1715,5
2022-03-28,106802,28,1715,0
2022-03-29,106952,150,1723,8
2022-03-30,107097,145,1727,4
2022-03-31,107208,111,1730,3
2022-04-01,107314,106,1733,3
2022-04-02,107406,92,1738,5
2022-04-03,107489,83,1742,4
2022-04-04,107568,79,1744,2
2022-04-05,107666,98,1750,6
2022-04-06,107767,101,1752,2
2022-04-07,107862,95,1755,3
2022-04-08,107953,91,1759,4
2022-04-09,108043,90,1761,2
2022-04-10,108129,86,1766,5
2022-04-11,108217,88,1770,4
2022-04-12,108306,89,1774,4
2022-04-13,108398,92,1777,3
2022-04-14,108483,85,1783,6
2022-04-15,108564,81,1787,4
2022-04-16,108654,90,1791,4
2022-04-17,108745,91,1793,2
2022-04-18,108831,86,1798,5
2022-04-19,108916,85,1802,4
2022-04-20,108987,71,1807,5
2022-04-21,109049,62,1810,3
2022-04-22,109105,56,1810,0
2022-04-23,109160,55,1810,0
2022-04-24,109213,53,1810,0
2022-04-25,109265,52,1811,1
2022-04-26,109327,62,1813,2
2022-04-27,109386,59,1815,2
2022-04-28,109444,58,1816,1
2022-04-29,109504,60,1817,1
2022-04-30,109559,55,1820,3
2022-05-01,109605,46,1822,2
2022-05-02,109644,39,1823,1
2022-05-03,109677,33,1824,1
2022-05-04,109706,29,1825,1
2022-05-05,109744,38,1827,2
2022-05-06,109784,40,1827,0
2022-05-07,109821,37,1830,3
2022-05-08,109855,34,1831,1
2022-05-09,109890,35,1831,0
2022-05-10,109924,34,1831,0
2022-05-11,109960,36,1832,1
2022-05-12,109998,38,1833,1
2022-05-13,110036,38,1833,0
2022-05-14,110077,41,1833,0
2022-05-15,110120,43,1835,2
2022-05-16,110162,42,1836,1
2022-05-17,110207,45,1836,0
2022-05-18,110252,45,1838,2
2022-05-19,110288,36,1838,0
2022-05-20,110312,24,1839,1
2022-05-21,110350,38,1839,0
2022-05-22,110385,35,1840,1
2022-05-23,110415,30,1840,0
2022-05-24,110450,35,1840,0
2022-05-25,110479,29,1841,1
2022-05-26,110511,32,1841,0
2022-05-27,110547,36,1842,1
2022-05-28,110586,39,1843,1
2022-05-29,110621,35,1843,0
2022-05-30,110649,28,1844,1
2022-05-31,110684,35,1844,0
2022-06-01,110709,25,1845,1
2022-06-02,110738,29,1846,1
2022-06-03,110765,27,1846,0
2022-06-04,110791,26,1846,0
2022-06-05,110801,10,1846,0
2022-06-06,110808,7,1846,0
2022-06-07,110832,24,1846,0
2022-06-08,110859,27,1847,1
2022-06-09,110882,23,1847,0
2022-06-10,110902,20,1848,1
2022-06-11,110921,19,1849,1
2022-06-12,110938,17,1850,1
2022-06-13,110953,15,1851,1
2022-06-14,110967,14,1852,1
2022-06-15,110991,24,1853,1
2022-06-16,111013,22,1854,1
2022-06-17,111032,19,1854,0
2022-06-18,111049,17,1854,0
2022-06-19,111063,14,1855,1
2022-06-20,111076,13,1855,0
2022-06-21,111093,17,1856,1
2022-06-22,111113,20,1857,1
2022-06-23,111132,19,1858,1
2022-06-24,111152,20,1860,2
2022-06-25,111172,20,1861,1
2022-06-26,111191,19,1861,0
2022-06-27,111208,17,1862,1
2022-06-28,111227,19,1862,0
2022-06-29,111245,18,1863,1
2022-06-30,111264,19,1864,1
2022-07-01,111283,19,1864,0
2022-07-02,111304,21,1865,1
2022-07-03,111324,20,1866,1
2022-07-04,111343,19,1866,0
2022-07-05,111360,17,1867,1
2022-07-06,111380,20,1868,1
2022-07-07,111402,22,1868,0
2022-07-08,111424,22,1868,0
2022-07-09,111442,18,1869,1
2022-07-10,111458,16,1869,0
2022-07-11,111473,15,1871,2
2022-07-12,111492,19,1871,0
2022-07-13,111512,20,1872,1
2022-07-14,111532,20,1872,0
2022-07-15,111554,22,1873,1
2022-07-16,111575,21,1873,0
2022-07-17,111592,17,1873,0
2022-07-18,111607,15,1874,1
2022-07-19,111625,18,1874,0
2022-07-20,111646,21,1875,1
2022-07-21,111668,22,1875,0
2022-07-22,111694,26,1876,1
2022-07-23,111724,30,1877,1
2022-07-24,111754,30,1878,1
2022-07-25,111783,29,1878,0
2022-07-26,111818,35,1878,0
2022-07-27,111857,39,1879,1
2022-07-28,111897,40,1879,0
2022-07-29,111945,48,1880,1
2022-07-30,111992,47,1881,1
2022-07-31,112029,37,1881,0
2022-08-01,112059,30,1882,1
2022-08-02,112097,38,1882,0
2022-08-03,112144,47,1883,1
2022-08-04,112199,55,1883,0
2022-08-05,112256,57,1883,0
2022-08-06,112322,66,1883,0
2022-08-07,112394,72,1884,1
2022-08-08,112464,70,1884,0
2022-08-09,112535,71,1885,1
2022-08-10,112612,77,1885,0
2022-08-11,112690,78,1885,0
2022-08-12,112783,93,1886,1
2022-08-13,112871,88,1886,0
2022-08-14,112966,95,1886,0
2022-08-15,113070,104,1886,0
2022-08-16,113180,110,1887,1
2022-08-17,113307,127,1887,0
2022-08-18,113453,146,1888,1
2022-08-19,113621,168,1888,0
2022-08-20,113791,170,1889,1
2022-08-21,113966,175,1889,0
2022-08-22,114150,184,1890,1
2022-08-23,114339,189,1891,1
2022-08-24,114532,193,1892,1
2022-08-25,114731,199,1892,0
2022-08-26,114929,198,1892,0
2022-08-27,115124,195,1892,0
2022-08-28,115304,180,1893,1
2022-08-29,115367,63,1893,0
2022-08-30,115551,184,1894,1
2022-08-31,115748,197,1894,0
2022-09-01,115959,211,1894,0
2022-09-02,116191,232,1895,1
2022-09-03,116440,249,1895,0
2022-09-04,116681,241,1896,1
2022-09-05,116933,252,1896,0
2022-09-06,117192,259,1897,1
2022-09-07,117442,250,1897,0
2022-09-08,117667,225,1898,1
2022-09-09,117894,227,1898,0
2022-09-10,118128,234,1898,0
2022-09-11,118371,243,1899,1
2022-09-12,118627,256,1899,0
2022-09-13,118885,258,1900,1
2022-09-14,119149,264,1901,1
2022-09-15,119416,267,1901,0
2022-09-16,119689,273,1902,1
2022-09-17,119980,291,1902,0
2022-09-18,120278,298,1904,2
2022-09-19,120583,305,1904,0
2022-09-20,120892,309,1905,1
2022-09-21,121222,330,1906,1
2022-09-22,121558,336,1908,2
2022-09-23,121897,339,1909,1
2022-09-24,122222,325,1909,0
2022-09-25,122428,206,1910,1
2022-09-26,122586,158,1911,1
2022-09-27,122835,249,1911,0
2022-09-28,123009,174,1912,1
2022-09-29,123179,170,1912,0
2022-09-30,123347,168,1913,1
2022-10-01,123495,148,1914,1
2022-10-02,123556,61,1915,1
2022-10-03,123598,42,1916,1
2022-10-04,123683,85,1917,1
2022-10-05,123777,94,1917,0
2022-10-06,123884,107,1918,1
2022-10-07,123985,101,1919,1
2022-10-08,124082,97,1920,1
2022-10-09,124173,91,1921,1
2022-10-10,124254,81,1921,0
2022-10-11,124342,88,1922,1
2022-10-12,124424,82,1923,1
2022-10-13,124498,74,1924,1
2022-10-14,124563,65,1925,1
2022-10-15,124611,48,1926,1
2022-10-16,124636,25,1927,1
2022-10-17,124646,10,1928,1
2022-10-18,124687,41,1929,1
2022-10-19,124730,43,1930,1
2022-10-20,124768,38,1930,0
2022-10-21,124810,42,1931,1
2022-10-22,124849,39,1931,0
2022-10-23,124886,37,1931,0
2022-10-24,124921,35,1932,1
2022-10-25,124960,39,1933,1
2022-10-26,124997,37,1933,0
2022-10-27,125025,28,1933,0
2022-10-28,125054,29,1933,0
2022-10-29,125079,25,1934,1
2022-10-30,125099,20,1934,0
2022-10-31,125115,16,1935,1
2022-11-01,125133,18,1935,0
2022-11-02,125156,23,1936,1
2022-11-03,125183,27,1936,0
2022-11-04,125204,21,1937,1
2022-11-05,125219,15,1937,0
2022-11-06,125229,10,1938,1
2022-11-07,125235,6,1938,0
2022-11-08,125252,17,1939,1
2022-11-09,125274,22,1939,0
2022-11-10,125295,21,1940,1
2022-11-11,125312,17,1940,0
2022-11-12,125328,16,1940,0
2022-11-13,125343,15,1941,1
2022-11-14,125355,12,1941,0
2022-11-15,125374,19,1941,0
2022-11-16,125394,20,1942,1
2022-11-17,125412,18,1942,0
2022-11-18,125426,14,1942,0
2022-11-19,125435,9,1943,1
2022-11-20,125444,9,1944,1
2022-11-21,125456,12,1945,1
2022-11-22,125471,15,1945,0
2022-11-23,125485,14,1946,1
2022-11-24,125497,12,1946,0
2022-11-25,125511,14,1946,0
2022-11-26,125522,11,1947,1
2022-11-27,125529,7,1947,0
2022-11-28,125533,4,1948,1
2022-11-29,125547,14,1948,0
2022-11-30,125564,17,1949,1
2022-12-01,125580,16,1949,0
2022-12-02,125594,14,1950,1
2022-12-03,125606,12,1950,0
2022-12-04,125619,13,1951,1
2022-12-05,125635,16,1951,0
2022-12-06,125654,19,1951,0
2022-12-07,125677,23,1951,0
2022-12-08,125699,22,1951,0
2022-12-09,125716,17,1951,0
2022-12-10,125730,14,1951,0
2022-12-11,125743,13,1951,0
2022-12-12,125756,13,1952,1
2022-12-13,125774,18,1952,0
2022-12-14,125787,13,1952,0
2022-12-15,125801,14,1952,0
2022-12-16,125816,15,1953,1
2022-12-17,125830,14,1953,0
2022-12-18,125838,8,1953,0
2022-12-19,125840,2,1953,0
2022-12-20,125852,12,1953,0
2022-12-21,125866,14,1953,0
2022-12-22,125880,14,1953,0
2022-12-23,125889,9,1953,0
2022-12-24,125894,5,1953,0
2022-12-25,125897,3,1953,0
2022-12-26,125898,1,1958,5
2022-12-27,125908,10,1958,0
2022-12-28,125914,6,1958,0
2022-12-29,125922,8,1958,0
2022-12-30,125928,6,1958,0
2022-12-31,125931,3,1959,1
2023-01-01,125933,2,1959,0
2023-01-02,125935,2,1959,0
2023-01-03,125938,3,1959,0
2023-01-04,125939,1,1960,1
2023-01-05,125941,2,1960,0
2023-01-06,125942,1,1960,0
2023-01-07,125943,1,1961,1
2023-01-08,125944,1,1961,0
2023-01-09,125944,0,1961,0
2023-01-10,125948,4,1961,0
2023-01-11,125955,7,1961,0
2023-01-12,125964,9,1961,0
2023-01-13,125974,10,1961,0
2023-01-14,125984,10,1961,0
2023-01-15,125991,7,1961,0
2023-01-16,125996,5,1961,0
2023-01-17,126004,8,1961,0
2023-01-18,126013,9,1961,0
2023-01-19,126024,11,1961,0
2023-01-20,126039,15,1961,0
2023-01-21,126053,14,1961,0
2023-01-22,126063,10,1961,0
2023-01-23,126071,8,1961,0
2023-01-24,126082,11,1961,0
2023-01-25,126095,13,1961,0
2023-01-26,126110,15,1961,0
2023-01-27,126127,17,1961,0
2023-01-28,126139,12,1961,0
2023-01-29,126148,9,1961,0
2023-01-30,126154,6,1961,0
2023-01-31,126170,16,1961,0
2023-02-01,126190,20,1962,1
2023-02-02,126215,25,1962,0
2023-02-03,126238,23,1962,0
2023-02-04,126265,27,1962,0
2023-02-05,126287,22,1963,1
2023-02-06,126302,15,1963,0
2023-02-07,126324,22,1963,0
2023-02-08,126349,25,1963,0
2023-02-09,126375,26,1963,0
2023-02-10,126410,35,1963,0
2023-02-11,126446,36,1963,0
2023-02-12,126475,29,1963,0
2023-02-13,126504,29,1963,0
2023-02-14,126541,37,1963,0
2023-02-15,126580,39,1963,0
2023-02-16,126620,40,1963,0
2023-02-17,126665,45,1964,1
2023-02-18,126706,41,1964,0
2023-02-19,126753,47,1964,0
2023-02-20,126800,47,1964,0
2023-02-21,126849,49,1964,0
2023-02-22,126899,50,1965,1
2023-02-23,126938,39,1965,0
2023-02-24,126955,17,1965,0
2023-02-25,126974,19,1965,0
2023-02-26,126992,18,1965,0
2023-02-27,127009,17,1965,0
2023-02-28,127057,48,1965,0
2023-03-01,127115,58,1965,0
2023-03-02,127168,53,1965,0
2023-03-03,127227,59,1965,0
2023-03-04,127285,58,1965,0
2023-03-05,127332,47,1965,0
2023-03-06,127360,28,1965,0
2023-03-07,127392,32,1965,0
2023-03-08,127429,37,1965,0
2023-03-09,127465,36,1965,0
2023-03-10,127510,45,1965,0
2023-03-11,127559,49,1965,0
2023-03-12,127596,37,1965,0
2023-03-13,127620,24,1965,0
2023-03-14,127669,49,1965,0
2023-03-15,127723,54,1965,0
2023-03-16,127786,63,1965,0
2023-03-17,127857,71,1965,0
2023-03-18,127922,65,1965,0
2023-03-19,127971,49,1965,0
2023-03-20,128001,30,1965,0
2023-03-21,128048,47,1965,0
2023-03-22,128108,60,1965,0
2023-03-23,128171,63,1966,1
2023-03-24,128236,65,1966,0
2023-03-25,128298,62,1966,0
2023-03-26,128344,46,1966,0
2023-03-27,128374,30,1966,0
2023-03-28,128419,45,1966,0
2023-03-29,128472,53,1966,0
2023-03-30,128529,57,1966,0
2023-03-31,128587,58,1967,1
2023-04-01,128630,43,1967,0
2023-04-02,128649,19,1967,0
2023-04-03,128660,11,1967,0
2023-04-04,128695,35,1967,0
2023-04-05,128741,46,1968,1
2023-04-06,128788,47,1968,0
2023-04-07,128829,41,1969,1
2023-04-08,128866,37,1969,0
2023-04-09,128897,31,1969,0
2023-04-10,128922,25,1969,0
2023-04-11,128959,37,1969,0
2023-04-12,129002,43,1969,0
2023-04-13,129054,52,1969,0
2023-04-14,129108,54,1969,0
2023-04-15,129152,44,1969,0
2023-04-16,129182,30,1969,0
2023-04-17,129202,20,1969,0
2023-04-18,129234,32,1969,0
2023-04-19,129265,31,1970,1
2023-04-20,129298,33,1970,0
2023-04-21,129335,37,1970,0
2023-04-22,129363,28,1970,0
2023-04-23,129390,27,1971,1
2023-04-24,129411,21,1972,1
2023-04-25,129441,30,1972,0
2023-04-26,129475,34,1973,1
2023-04-27,129512,37,1973,0
2023-04-28,129554,42,1974,1
2023-04-29,129592,38,1974,0
2023-04-30,129618,26,1974,0
2023-05-01,129629,11,1975,1
2023-05-02,129639,10,1976,1
2023-05-03,129662,23,1976,0
2023-05-04,129698,36,1976,0
2023-05-05,129738,40,1977,1
2023-05-06,129762,24,1977,0
2023-05-07,129780,18,1977,0
2023-05-08,129794,14,1977,0
2023-05-09,129807,13,1977,0
2023-05-10,129818,11,1977,0
2023-05-11,129834,16,1977,0
2023-05-12,129849,15,1977,0
2023-05-13,129869,20,1977,0
2023-05-14,129887,18,1977,0
2023-05-15,129904,17,1977,0
2023-05-16,129923,19,1977,0
2023-05-17,129946,23,1977,0
2023-05-18,129970,24,1977,0
2023-05-19,129989,19,1977,0
2023-05-20,130004,15,1977,0
2023-05-21,130018,14,1977,0
2023-05-22,130030,12,1977,0
2023-05-23,130043,13,1977,0
2023-05-24,130053,10,1977,0
2023-05-25,130062,9,1977,0
2023-05-26,130073,11,1977,0
2023-05-27,130080,7,1977,0
2023-05-28,130086,6,1977,0
2023-05-29,130089,3,1977,0
2023-05-30,130100,11,1977,0
2023-05-31,130106,6,1977,0
2023-06-01,130115,9,1977,0
2023-06-02,130124,9,1977,0
2023-06-03,130130,6,1977,0
2023-06-04,130131,1,1977,0
2023-06-05,130131,0,1977,0
2023-06-06,130135,4,1977,0
2023-06-07,130141,6,1978,1
2023-06-08,130148,7,1978,0
2023-06-09,130156,8,1978,0
2023-06-10,130162,6,1978,0
2023-06-11,130168,6,1978,0
2023-06-12,130172,4,1978,0
2023-06-13,130172,0,1978,0
2023-06-14,130176,4,1978,0
2023-06-15,130182,6,1980,2
2023-06-16,130187,5,1980,0
2023-06-17,130188,1,1980,0
2023-06-18,130188,0,1980,0
2023-06-19,130188,0,1980,0
2023-06-20,130188,0,1980,0
2023-06-21,130193,5,1980,0
2023-06-22,130199,6,1980,0
2023-06-23,130204,5,1980,0
2023-06-24,130209,5,1980,0
2023-06-25,130213,4,1980,0
2023-06-26,130216,3,1980,0
2023-06-27,130222,6,1980,0
2023-06-28,130227,5,1980,0
2023-06-29,130229,2,1980,0
2023-06-30,130231,2,1980,0
2023-07-01,130231,0,1980,0
2023-07-02,130233,2,1980,0
2023-07-03,130234,1,1980,0
2023-07-04,130237,3,1980,0
2023-07-05,130238,1,1980,0
2023-07-06,130238,0,1980,0
2023-07-07,130238,0,1980,0
2023-07-08,130238,0,1980,0
2023-07-09,130238,0,1980,0
2023-07-10,130239,1,1980,0
2023-07-11,130242,3,1980,0
2023-07-12,130245,3,1980,0
2023-07-13,130248,3,1982,2
2023-07-14,130250,2,1982,0
2023-07-15,130252,2,1982,0
2023-07-16,130254,2,1982,0
2023-07-17,130254,0,1982,0
2023-07-18,130254,0,1982,0
2023-07-19,130255,1,1983,1
2023-07-20,130255,0,1983,0
2023-07-21,130257,2,1983,0
2023-07-22,130259,2,1983,0
2023-07-23,130264,5,1983,0
2023-07-24,130265,1,1983,0
2023-07-25,130266,1,1983,0
2023-07-26,130268,2,1983,0
2023-07-27,130268,0,1983,0
2023-07-28,130271,3,1983,0
2023-07-29,130273,2,1983,0
2023-07-30,130274,1,1983,0
2023-07-31,130274,0,1983,0
2023-08-01,130275,1,1983,0
2023-08-02,130276,1,1984,1
2023-08-03,130279,3,1984,0
2023-08-04,130279,0,1984,0
2023-08-05,130281,2,1984,0
2023-08-06,130282,1,1984,0
2023-08-07,130282,0,1984,0
2023-08-08,130284,2,1984,0
2023-08-09,130285,1,1984,0
2023-08-10,130286,1,1985,1
2023-08-11,130286,0,1985,0
2023-08-12,130286,0,1985,0
2023-08-13,130287,1,1985,0
2023-08-14,130287,0,1985,0
2023-08-15,130287,0,1985,0
2023-08-16,130287,0,1985,0
2023-08-17,130288,1,1986,1
2023-08-18,130288,0,1986,0
2023-08-19,130290,2,1986,0
2023-08-20,130290,0,1986,0
2023-08-21,130290,0,1986,0
2023-08-22,130292,2,1986,0
2023-08-23,130293,1,1986,0
2023-08-24,130294,1,1986,0
2023-08-25,130294,0,1986,0
2023-08-26,130295,1,1986,0
2023-08-27,130295,0,1986,0
2023-08-28,130295,0,1986,0
2023-08-29,130296,1,1986,0
2023-08-30,130296,0,1986,0
2023-08-31,130298,2,1986,0
2023-09-01,130300,2,1986,0
2023-09-02,130303,3,1986,0
2023-09-03,130303,0,1986,0
2023-09-04,130303,0,1986,0
2023-09-05,130305,2,1986,0
2023-09-06,130305,0,1986,0
2023-09-07,130306,1,1986,0
2023-09-08,130307,1,1986,0
2023-09-09,130308,1,1986,0
2023-09-10,130308,0,1986,0
2023-09-11,130308,0,1986,0
2023-09-12,130311,3,1986,0
2023-09-13,130316,5,1986,0
2023-09-14,130316,0,1986,0
2023-09-15,130319,3,1986,0
2023-09-16,130321,2,1986,0
2023-09-17,130324,3,1986,0
2023-09-18,130324,0,1986,0
2023-09-19,130326,2,1986,0
2023-09-20,130328,2,1986,0
2023-09-21,130329,1,1986,0
2023-09-22,130329,0,1986,0
2023-09-23,130334,5,1986,0
2023-09-24,130335,1,1986,0
2023-09-25,130335,0,1986,0
2023-09-26,130338,3,1986,0
2023-09-27,130347,9,1986,0
2023-09-28,130353,6,1986,0
2023-09-29,130359,6,1986,0
2023-09-30,130362,3,1986,0
2023-10-01,130362,0,1986,0
2023-10-02,130362,0,1986,0
2023-10-03,130371,9,1986,0
2023-10-04,130373,2,1986,0
2023-10-05,130378,5,1986,0
2023-10-06,130381,3,1986,0
2023-10-07,130381,0,1986,0
2023-10-08,130381,0,1986,0
2023-10-09,130381,0,1986,0
2023-10-10,130385,4,1986,0
2023-10-11,130392,7,1986,0
2023-10-12,130394,2,1986,0
2023-10-13,130400,6,1986,0
2023-10-14,130403,3,1986,0
2023-10-15,130403,0,1986,0
2023-10-16,130403,0,1986,0
2023-10-17,130411,8,1986,0
2023-10-18,130419,8,1986,0
2023-10-19,130422,3,1986,0
2023-10-20,130431,9,1986,0
2023-10-21,130438,7,1986,0
2023-10-22,130439,1,1986,0
2023-10-23,130439,0,1986,0
2023-10-24,130452,13,1986,0
2023-10-25,130465,13,1986,0
2023-10-26,130473,8,1986,0
2023-10-27,130487,14,1986,0
2023-10-28,130490,3,1986,0
2023-10-29,130494,4,1986,0
2023-10-30,130495,1,1986,0
2023-10-31,130519,24,1986,0
2023-11-01,130534,15,1986,0
2023-11-02,130553,19,1986,0
2023-11-03,130573,20,1986,0
2023-11-04,130588,15,1986,0
2023-11-05,130605,17,1986,0
2023-11-06,130614,9,1986,0
2023-11-07,130614,0,1986,0
2023-11-08,130644,30,1986,0
2023-11-09,130672,28,1986,0
2023-11-10,130705,33,1986,0
2023-11-11,130743,38,1986,0
2023-11-12,130756,13,1986,0
2023-11-13,130762,6,1986,0
2023-11-14,130802,40,1986,0
2023-11-15,130833,31,1986,0
2023-11-16,130869,36,1986,0
2023-11-17,130916,47,1986,0
2023-11-18,130955,39,1986,0
2023-11-19,130968,13,1986,0
2023-11-20,130973,5,1986,0
2023-11-21,131014,41,1986,0
2023-11-22,131067,53,1986,0
2023-11-23,131116,49,1986,0
2023-11-24,131173,57,1986,0
2023-11-25,131236,63,1986,0
2023-11-26,131269,33,1986,0
2023-11-27,131285,16,1986,0
2023-11-28,131332,47,1986,0
2023-11-29,131399,67,1988,2
2023-11-30,131485,86,1988,0
2023-12-01,131574,89,1988,0
2023-12-02,131670,96,1988,0
2023-12-03,131762,92,1988,0
2023-12-04,131829,67,1988,0
2023-12-05,131919,90,1988,0
2023-12-06,131999,80,1988,0
2023-12-07,132096,97,1989,1
2023-12-08,132192,96,1989,0
2023-12-09,132290,98,1989,0
2023-12-10,132362,72,1989,0
2023-12-11,132392,30,1989,0
2023-12-12,132491,99,1989,0
2023-12-13,132577,86,1989,0
2023-12-14,132662,85,1992,3
2023-12-15,132759,97,1992,0
2023-12-16,132841,82,1992,0
2023-12-17,132886,45,1992,0
2023-12-18,132897,11,1992,0
2023-12-19,133006,109,1992,0
2023-12-20,133104,98,1993,1
2023-12-21,133205,101,1993,0
2023-12-22,133294,89,1993,0
2023-12-23,133381,87,1993,0
2023-12-24,133399,18,1993,0
2023-12-25,133411,12,1993,0
2023-12-26,133483,72,1993,0
2023-12-27,133544,61,1993,0
2023-12-28,133612,68,1996,3
2023-12-29,133648,36,1996,0
2023-12-30,133689,41,1996,0
2023-12-31,133695,6,1996,0
2024-01-01,133696,1,1996,0
2024-01-02,133713,17,1996,0
2024-01-03,133718,5,1996,0
2024-01-04,133739,21,1998,2
2024-01-05,133743,4,1998,0
2024-01-06,133751,8,1998,0
2024-01-07,133757,6,1998,0
2024-01-08,133757,0,1998,0
2024-01-09,133776,19,1998,0
2024-01-10,133796,20,1998,0
2024-01-11,133815,19,1998,0
2024-01-12,133835,20,1998,0
2024-01-13,133849,14,1998,0
2024-01-14,133849,0,1998,0
2024-01-15,133851,2,1998,0
2024-01-16,133870,19,1998,0
2024-01-17,133881,11,1998,0
2024-01-18,133891,10,2002,4
2024-01-19,133899,8,2002,0
2024-01-20,133912,13,2002,0
2024-01-21,133913,1,2002,0
2024-01-22,133914,1,2002,0
2024-01-23,133923,9,2002,0
2024-01-24,133933,10,2002,0
2024-01-25,133946,13,2002,0
2024-01-26,133954,8,2002,0
2024-01-27,133963,9,2004,2
2024-01-28,133965,2,2004,0
2024-01-29,133966,1,2004,0
2024-01-30,133978,12,2004,0
2024-01-31,133986,8,2004,0
2024-02-01,133998,12,2006,2
2024-02-02,134006,8,2006,0
2024-02-03,134014,8,2006,0
2024-02-04,134015,1,2006,0
2024-02-05,134018,3,2006,0
2024-02-06,134027,9,2006,0
2024-02-07,134031,4,2006,0
2024-02-08,134041,10,2008,2
2024-02-09,134057,16,2008,0
2024-02-10,134061,4,2008,0
2024-02-11,134062,1,2008,0
2024-02-12,134066,4,2008,0
2024-02-13,134069,3,2008,0
2024-02-14,134086,17,2008,0
2024-02-15,134096,10,2010,2
2024-02-16,134107,11,2010,0
2024-02-17,134114,7,2010,0
2024-02-18,134115,1,2010,0
2024-02-19,134116,1,2010,0
2024-02-20,134121,5,2010,0
2024-02-21,134128,7,2010,0
2024-02-22,134140,12,2012,2
2024-02-23,134152,12,2012,0
2024-02-24,134154,2,2012,0
2024-02-25,134155,1,2012,0
2024-02-26,134160,5,2012,0
2024-02-27,134164,4,2012,0
2024-02-28,134181,17,2012,0
2024-02-29,134194,13,2012,0
2024-03-01,134204,10,2012,0
2024-03-02,134210,6,2012,0
2024-03-03,134211,1,2012,0
2024-03-04,134211,0,2012,0
2024-03-05,134222,11,2012,0
2024-03-06,134230,8,2012,0
2024-03-07,134234,4,2012,0
2024-03-08,134239,5,2012,0
2024-03-09,134243,4,2012,0
2024-03-10,134245,2,2012,0
2024-03-11,134245,0,2012,0
2024-03-12,134251,6,2012,0
2024-03-13,134257,6,2012,0
2024-03-14,134261,4,2012,0
2024-03-15,134271,10,2012,0
2024-03-16,134273,2,2012,0
2024-03-17,134273,0,2012,0
2024-03-18,134275,2,2012,0
2024-03-19,134281,6,2012,0
2024-03-20,134287,6,2012,0
2024-03-21,134289,2,2012,0
2024-03-22,134297,8,2012,0
2024-03-23,134300,3,2012,0
2024-03-24,134301,1,2012,0
2024-03-25,134301,0,2012,0
2024-03-26,134304,3,2012,0
2024-03-27,134309,5,2012,0
2024-03-28,134312,3,2012,0
2024-03-29,134314,2,2012,0
2024-03-30,134318,4,2012,0
2024-03-31,134318,0,2012,0
2024-04-01,134318,0,2012,0
2024-04-02,134324,6,2012,0
2024-04-03,134329,5,2012,0
2024-04-04,134335,6,2012,0
2024-04-05,134339,4,2012,0
2024-04-06,134339,0,2012,0
2024-04-07,134340,1,2012,0
2024-04-08,134340,0,2012,0
2024-04-09,134343,3,2012,0
2024-04-10,134347,4,2012,0
2024-04-11,134351,4,2012,0
2024-04-12,134355,4,2012,0
2024-04-13,134357,2,2012,0
2024-04-14,134357,0,2012,0
2024-04-15,134357,0,2012,0
2024-04-16,134359,2,2012,0
2024-04-17,134365,6,2012,0
2024-04-18,134368,3,2012,0
2024-04-19,134368,0,2012,0
2024-04-20,134369,1,2012,0
2024-04-21,134372,3,2012,0
2024-04-22,134378,6,2012,0
2024-04-23,134381,3,2012,0
2024-04-24,134385,4,2012,0
2024-04-25,134389,4,2012,0
2024-04-26,134399,10,2012,0
2024-04-27,134408,9,2012,0
2024-04-28,134416,8,2012,0
2024-04-29,134420,4,2012,0
2024-04-30,134424,4,2012,0
2024-05-01,134424,0,2012,0
2024-05-02,134424,0,2012,0
2024-05-03,134425,1,2012,0
2024-05-04,134427,2,2012,0
2024-05-05,134429,2,2012,0
2024-05-06,134429,0,2012,0
2024-05-07,134430,1,2012,0
2024-05-08,134434,4,2012,0
2024-05-09,134438,4,2012,0
2024-05-10,134438,0,2012,0
2024-05-11,134438,0,2012,0
2024-05-12,134438,0,2012,0
2024-05-13,134439,1,2012,0
2024-05-14,134446,7,2012,0
2024-05-15,134454,8,2012,0
2024-05-16,134456,2,2012,0
2024-05-17,134456,0,2012,0
2024-05-18,134458,2,2012,0
2024-05-19,134458,0,2012,0
2024-05-20,134458,0,2012,0
2024-05-21,134459,1,2012,0
2024-05-22,134459,0,2012,0
2024-05-23,134460,1,2012,0
2024-05-24,134463,3,2012,0
2024-05-25,134465,2,2012,0
2024-05-26,134467,2,2012,0
2024-05-27,134467,0,2012,0
2024-05-28,134467,0,2012,0
2024-05-29,134473,6,2012,0
2024-05-30,134478,5,2012,0
2024-05-31,134478,0,2012,0
2024-06-01,134479,1,2012,0
2024-06-02,134479,0,2012,0
2024-06-03,134479,0,2012,0
2024-06-04,134485,6,2012,0
2024-06-05,134488,3,2012,0
2024-06-06,134490,2,2012,0
2024-06-07,134492,2,2012,0
2024-06-08,134495,3,2012,0
2024-06-09,134495,0,2012,0
2024-06-10,134495,0,2012,0
2024-06-11,134498,3,2012,0
2024-06-12,134502,4,2012,0
2024-06-13,134502,0,2012,0
2024-06-14,134502,0,2012,0
2024-06-15,134505,3,2012,0
2024-06-16,134506,1,2012,0
2024-06-17,134506,0,2012,0
2024-06-18,134507,1,2012,0
2024-06-19,134509,2,2012,0
2024-06-20,134513,4,2012,0
2024-06-21,134515,2,2012,0
2024-06-22,134515,0,2012,0
2024-06-23,134515,0,2012,0
2024-06-24,134515,0,2012,0
2024-06-25,134518,3,2012,0
2024-06-26,134519,1,2012,0
2024-06-27,134519,0,2012,0
2024-06-28,134519,0,2012,0
2024-06-29,134519,0,2012,0
2024-06-30,134519,0,2012,0
2024-07-01,134519,0,2012,0
2024-07-02,134521,2,2012,0
2024-07-03,134524,3,2012,0
2024-07-04,134527,3,2012,0
2024-07-05,134527,0,2012,0
2024-07-06,134527,0,2012,0
2024-07-07,134527,0,2012,0
2024-07-08,134527,0,2012,0
2024-07-09,134528,1,2012,0
2024-07-10,134529,1,2012,0
2024-07-11,134529,0,2012,0
2024-07-12,134530,1,2012,0
2024-07-13,134530,0,2012,0
2024-07-14,134530,0,2012,0
2024-07-15,134530,0,2012,0
2024-07-16,134534,4,2012,0
2024-07-17,134536,2,2012,0
2024-07-18,134537,1,2012,0
2024-07-19,134537,0,2012,0
2024-07-20,134538,1,2012,0
2024-07-21,134538,0,2012,0
2024-07-22,134538,0,2012,0
2024-07-23,134545,7,2012,0
2024-07-24,134551,6,2012,0
2024-07-25,134556,5,2012,0
2024-07-26,134556,0,2012,0
2024-07-27,134560,4,2012,0
2024-07-28,134562,2,2012,0
2024-07-29,134562,0,2012,0
2024-07-30,134564,2,2012,0
2024-07-31,134571,7,2012,0
2024-08-01,134576,5,2012,0
2024-08-02,134579,3,2012,0
2024-08-03,134583,4,2012,0
2024-08-04,134583,0,2012,0
2024-08-05,134583,0,2012,0
2024-08-06,134592,9,2012,0
2024-08-07,134596,4,2012,0
2024-08-08,134602,6,2012,0
2024-08-09,134605,3,2012,0
2024-08-10,134608,3,2012,0
2024-08-11,134611,3,2012,0
2024-08-12,134611,0,2012,0
2024-08-13,134620,9,2012,0
2024-08-14,134630,10,2012,0
2024-08-15,134639,9,2012,0
2024-08-16,134650,11,2012,0
2024-08-17,134661,11,2012,0
2024-08-18,134666,5,2012,0
2024-08-19,134666,0,2012,0
2024-08-20,134675,9,2012,0
2024-08-21,134680,5,2012,0
2024-08-22,134685,5,2012,0
2024-08-23,134696,11,2012,0
2024-08-24,134706,10,2012,0
2024-08-25,134710,4,2012,0
2024-08-26,134711,1,2012,0
2024-08-27,134720,9,2012,0
2024-08-28,134731,11,2012,0
2024-08-29,134739,8,2012,0
2024-08-30,134751,12,2012,0
2024-08-31,134761,10,2012,0
2024-09-01,134765,4,2012,0
2024-09-02,134765,0,2012,0
2024-09-03,134775,10,2012,0
2024-09-04,134781,6,2012,0
2024-09-05,134787,6,2012,0
2024-09-06,134797,10,2012,0
2024-09-07,134811,14,2012,0
2024-09-08,134813,2,2012,0
2024-09-09,134814,1,2012,0
2024-09-10,134830,16,2012,0
2024-09-11,134854,24,2012,0
2024-09-12,134875,21,2012,0
2024-09-13,134891,16,2012,0
2024-09-14,134914,23,2012,0
2024-09-15,134915,1,2012,0
2024-09-16,134915,0,2012,0
2024-09-17,134931,16,2012,0
2024-09-18,134949,18,2012,0
2024-09-19,134960,11,2012,0
2024-09-20,134969,9,2012,0
2024-09-21,134987,18,2012,0
2024-09-22,134989,2,2012,0
2024-09-23,134989,0,2012,0
2024-09-24,135002,13,2012,0
2024-09-25,135018,16,2012,0
2024-09-26,135030,12,2012,0
2024-09-27,135040,10,2012,0
2024-09-28,135045,5,2012,0
2024-09-29,135051,6,2012,0
2024-09-30,135051,0,2012,0
2024-10-01,135063,12,2012,0
2024-10-02,135082,19,2012,0
2024-10-03,135089,7,2012,0
2024-10-04,135098,9,2012,0
2024-10-05,135106,8,2012,0
2024-10-06,135108,2,2012,0
2024-10-07,135109,1,2012,0
2024-10-08,135113,4,2012,0
2024-10-09,135127,14,2012,0
2024-10-10,135134,7,2012,0
2024-10-11,135146,12,2012,0
2024-10-12,135163,17,2012,0
2024-10-13,135166,3,2012,0
2024-10-14,135166,0,2012,0
2024-10-15,135180,14,2012,0
2024-10-16,135189,9,2012,0
2024-10-17,135197,8,2012,0
2024-10-18,135209,12,2012,0
2024-10-19,135220,11,2012,0
2024-10-20,135226,6,2012,0
2024-10-21,135227,1,2012,0
2024-10-22,135238,11,2012,0
2024-10-23,135256,18,2012,0
2024-10-24,135273,17,2012,0
2024-10-25,135282,9,2012,0
2024-10-26,135299,17,2012,0
2024-10-27,135302,3,2012,0
2024-10-28,135302,0,2012,0
2024-10-29,135308,6,2012,0
2024-10-30,135314,6,2012,0
2024-10-31,135323,9,2012,0
2024-11-01,135329,6,2012,0
2024-11-02,135333,4,2012,0
2024-11-03,135340,7,2012,0
2024-11-04,135340,0,2012,0
2024-11-05,135340,0,2012,0
2024-11-06,135345,5,2012,0
2024-11-07,135358,13,2012,0
2024-11-08,135362,4,2012,0
2024-11-09,135366,4,2012,0
2024-11-10,135368,2,2012,0
2024-11-11,135368,0,2012,0
2024-11-12,135374,6,2012,0
2024-11-13,135385,11,2012,0
2024-11-14,135385,0,2012,0
2024-11-15,135391,6,2012,0
2024-11-16,135395,4,2012,0
2024-11-17,135396,1,2012,0
2024-11-18,135397,1,2012,0
2024-11-19,135406,9,2012,0
2024-11-20,135408,2,2012,0
2024-11-21,135415,7,2012,0
2024-11-22,135430,15,2012,0
2024-11-23,135436,6,2012,0
2024-11-24,135438,2,2012,0
2024-11-25,135439,1,2012,0
2024-11-26,135447,8,2012,0
2024-11-27,135457,10,2012,0
2024-11-28,135463,6,2012,0
2024-11-29,135465,2,2012,0
2024-11-30,135472,7,2012,0
2024-12-01,135474,2,2012,0
2024-12-02,135475,1,2012,0
2024-12-03,135481,6,2012,0
2024-12-04,135489,8,2012,0
2024-12-05,135498,9,2012,0
2024-12-06,135501,3,2012,0
2024-12-07,135507,6,2012,0
2024-12-08,135508,1,2012,0
2024-12-09,135508,0,2012,0
2024-12-10,135511,3,2012,0
2024-12-11,135516,5,2012,0
2024-12-12,135521,5,2012,0
2024-12-13,135530,9,2012,0
2024-12-14,135535,5,2012,0
2024-12-15,135537,2,2012,0
2024-12-16,135537,0,2012,0
2024-12-17,135542,5,2012,0
2024-12-18,135552,10,2012,0
2024-12-19,135558,6,2012,0
2024-12-20,135571,13,2012,0
2024-12-21,135574,3,2012,0
2024-12-22,135577,3,2012,0
2024-12-23,135578,1,2012,0
2024-12-24,135583,5,2012,0
2024-12-25,135587,4,2012,0
2024-12-26,135596,9,2012,0
2024-12-27,135603,7,2012,0
2024-12-28,135604,1,2012,0
2024-12-29,135614,10,2012,0
2024-12-30,135617,3,2012,0
2024-12-31,135618,1,2012,0
2025-01-01,135619,1,2012,0
2025-01-02,135619,0,2012,0
2025-01-03,135621,2,2012,0
2025-01-04,135624,3,2012,0
2025-01-05,135624,0,2012,0
2025-01-06,135624,0,2012,0
2025-01-07,135628,4,2012,0
2025-01-08,135628,0,2012,0
2025-01-09,135629,1,2012,0
2025-01-10,135631,2,2012,0
2025-01-11,135635,4,2012,0
2025-01-12,135636,1,2012,0
2025-01-13,135636,0,2012,0
2025-01-14,135644,8,2012,0
2025-01-15,135656,12,2012,0
2025-01-16,135659,3,2012,0
2025-01-17,135662,3,2012,0
2025-01-18,135662,0,2012,0
2025-01-19,135662,0,2012,0
2025-01-20,135662,0,2012,0
2025-01-21,135665,3,2012,0
2025-01-22,135669,4,2012,0
2025-01-23,135670,1,2012,0
2025-01-24,135677,7,2012,0
2025-01-25,135678,1,2012,0
2025-01-26,135678,0,2012,0
2025-01-27,135678,0,2012,0
2025-01-28,135681,3,2012,0
2025-01-29,135682,1,2012,0
2025-01-30,135683,1,2012,0
2025-01-31,135684,1,2012,0
2025-02-01,135690,6,2012,0
2025-02-02,135691,1,2012,0
2025-02-03,135692,1,2012,0
2025-02-04,135699,7,2012,0
2025-02-05,135701,2,2012,0
2025-02-06,135702,1,2012,0
2025-02-07,135702,0,2012,0
2025-02-08,135705,3,2012,0
2025-02-09,135705,0,2012,0
2025-02-10,135705,0,2012,0
2025-02-11,135708,3,2012,0
2025-02-12,135712,4,2012,0
2025-02-13,135714,2,2012,0
2025-02-14,135714,0,2012,0
2025-02-15,135719,5,2012,0
2025-02-16,135720,1,2012,0
2025-02-17,135720,0,2012,0
2025-02-18,135721,1,2012,0
2025-02-19,135726,5,2012,0
2025-02-20,135726,0,2012,0
2025-02-21,135730,4,2012,0
2025-02-22,135731,1,2012,0
2025-02-23,135731,0,2012,0
2025-02-24,135731,0,2012,0
2025-02-25,135733,2,2012,0
2025-02-26,135735,2,2012,0
2025-02-27,135736,1,2012,0
2025-02-28,135739,3,2012,0
2025-03-01,135741,2,2012,0
2025-03-02,135743,2,2012,0
2025-03-03,135743,0,2012,0
2025-03-04,135743,0,2012,0
2025-03-05,135747,4,2012,0
2025-03-06,135749,2,2012,0
2025-03-07,135752,3,2012,0
2025-03-08,135753,1,2012,0
2025-03-09,135755,2,2012,0
2025-03-10,135755,0,2012,0
2025-03-11,135758,3,2012,0
2025-03-12,135759,1,2012,0
2025-03-13,135761,2,2012,0
2025-03-14,135761,0,2012,0
2025-03-15,135764,3,2012,0
2025-03-16,135764,0,2012,0
2025-03-17,135766,2,2012,0
2025-03-18,135766,0,2012,0
2025-03-19,135766,0,2012,0
2025-03-20,135767,1,2012,0
2025-03-21,135767,0,2012,0
2025-03-22,135770,3,2012,0
2025-03-23,135772,2,2012,0
2025-03-24,135772,0,2012,0
2025-03-25,135772,0,2012,0
2025-03-26,135773,1,2012,0
2025-03-27,135774,1,2012,0
2025-03-28,135774,0,2012,0
2025-03-29,135780,6,2012,0
2025-03-30,135780,0,2012,0
2025-03-31,135780,0,2012,0
2025-04-01,MD,MD,MD,MD
2025-04-02,MD,MD,MD,MD
2025-04-03,MD,MD,MD,MD
2025-04-04,MD,MD,MD,MD
2025-04-05,MD,MD,MD,MD
2025-04-06,MD,MD,MD,MD
2025-04-07,MD,MD,MD,MD
2025-04-08,MD,MD,MD,MD
2025-04-09,MD,MD,MD,MD
2025-04-10,MD,MD,MD,MD
2025-04-11,MD,MD,MD,MD
2025-04-12,MD,MD,MD,MD
2025-04-13,MD,MD,MD,MD
2025-04-14,MD,MD,MD,MD
2025-04-15,MD,MD,MD,MD
2025-04-16,MD,MD,MD,MD
2025-04-17,MD,MD,MD,MD
2025-04-18,MD,MD,MD,MD
2025-04-19,MD,MD,MD,MD
2025-04-20,MD,MD,MD,MD
2025-04-21,195,10,0,192
2025-04-22,MD,MD,MD,MD
2025-04-23,MD,MD,MD,MD
2025-04-24,MD,MD,MD,MD
2025-04-25,MD,MD,MD,MD
2025-04-26,MD,MD,MD,MD
2025-04-27,MD,MD,MD,MD
2025-04-28,207,12,0,204
2025-04-29,MD,MD,MD,MD
2025-04-30,MD,MD,MD,MD
2025-05-01,MD,MD,MD,MD
2025-05-02,MD,MD,MD,MD
2025-05-03,MD,MD,MD,MD
2025-05-04,MD,MD,MD,MD
2025-05-05,209,2,0,206
2025-05-06,MD,MD,MD,MD
2025-05-07,MD,MD,MD,MD
2025-05-08,MD,MD,MD,MD
2025-05-09,MD,MD,MD,MD
2025-05-10,MD,MD,MD,MD
2025-05-11,MD,MD,MD,MD
2025-05-12,210,1,0,207
2025-05-13,MD,MD,MD,MD
2025-05-14,MD,MD,MD,MD
2025-05-15,MD,MD,MD,MD
2025-05-16,MD,MD,MD,MD
2025-05-17,MD,MD,MD,MD
2025-05-18,MD,MD,MD,MD
2025-05-19,215,5,0,212
2025-05-20,219,4,0,216
2025-05-21,MD,MD,MD,MD
2025-05-22,MD,MD,MD,MD
2025-05-23,MD,MD,MD,MD
2025-05-24,MD,MD,MD,MD
2025-05-25,MD,MD,MD,MD
2025-05-26,MD,MD,MD,MD
2025-05-27,MD,MD,MD,MD
2025-05-28,MD,MD,MD,MD
2025-05-29,MD,MD,MD,MD
2025-05-30,MD,MD,MD,MD
2025-05-31,MD,MD,MD,MD
2025-06-01,MD,MD,MD,MD
2025-06-02,222,3,0,219
2025-06-03,MD,MD,MD,MD
2025-06-04,MD,MD,MD,MD
2025-06-05,MD,MD,MD,MD
2025-06-06,MD,MD,MD,MD
2025-06-07,MD,MD,MD,MD
2025-06-08,MD,MD,MD,MD
2025-06-09,223,1,0,220
2025-06-10,MD,MD,MD,MD
2025-06-11,MD,MD,MD,MD
2025-06-12,MD,MD,MD,MD
2025-06-13,MD,MD,MD,MD
2025-06-14,MD,MD,MD,MD
2025-06-15,231,8,0,228
2025-06-16,MD,MD,MD,MD
2025-06-17,MD,MD,MD,MD
2025-06-18,MD,MD,MD,MD
2025-06-19,MD,MD,MD,MD
2025-06-20,MD,MD,MD,MD
2025-06-21,MD,MD,MD,MD
2025-06-22,232,1,0,229
2025-06-23,MD,MD,MD,MD
2025-06-24,MD,MD,MD,MD
2025-06-25,MD,MD,MD,MD
2025-06-26,MD,MD,MD,MD
2025-06-27,MD,MD,MD,MD
2025-06-28,MD,MD,MD,MD
2025-06-29,MD,MD,MD,MD
2025-06-30,233,1,0,230
2025-07-01,MD,MD,MD,MD
2025-07-02,MD,MD,MD,MD
2025-07-03,MD,MD,MD,MD
2025-07-04,MD,MD,MD,MD
2025-07-05,MD,MD,MD,MD
2025-07-06,MD,MD,MD,MD
2025-07-07,237,4,0,234
2025-07-08,MD,MD,MD,MD
2025-07-09,MD,MD,MD,MD
2025-07-10,MD,MD,MD,MD
2025-07-11,MD,MD,MD,MD
2025-07-12,MD,MD,MD,MD
2025-07-13,MD,MD,MD,MD
2025-07-14,253,16,0,249
2025-07-15,MD,MD,MD,MD
2025-07-16,MD,MD,MD,MD
2025-07-17,MD,MD,MD,MD
2025-07-18,MD,MD,MD,MD
2025-07-19,MD,MD,MD,MD
2025-07-20,MD,MD,MD,MD
2025-07-21,258,5,0,254
2025-07-22,MD,MD,MD,MD
2025-07-23,MD,MD,MD,MD
2025-07-24,MD,MD,MD,MD
2025-07-25,MD,MD,MD,MD
2025-07-26,MD,MD,MD,MD
2025-07-27,MD,MD,MD,MD
2025-07-28,269,11,0,264
2025-07-29,MD,MD,MD,MD
2025-07-30,MD,MD,MD,MD
2025-07-31,MD,MD,MD,MD
2025-08-01,MD,MD,MD,MD
2025-08-02,MD,MD,MD,MD
2025-08-03,MD,MD,MD,MD
2025-08-04,275,6,0,270
2025-08-05,MD,MD,MD,MD
2025-08-06,MD,MD,MD,MD
2025-08-07,MD,MD,MD,MD
2025-08-08,MD,MD,MD,MD
2025-08-09,MD,MD,MD,MD
2025-08-10,MD,MD,MD,MD
2025-08-11,280,5,0,275
2025-08-12,MD,MD,MD,MD
2025-08-13,MD,MD,MD,MD
2025-08-14,MD,MD,MD,MD
2025-08-15,MD,MD,MD,MD
2025-08-16,MD,MD,MD,MD
2025-08-17,MD,MD,MD,MD
2025-08-18,287,7,0,282
2025-08-19,MD,MD,MD,MD
2025-08-20,MD,MD,MD,MD
2025-08-21,MD,MD,MD,MD
2025-08-22,MD,MD,MD,MD
2025-08-23,MD,MD,MD,MD
2025-08-24,MD,MD,MD,MD
2025-08-25,296,9,0,291
2025-08-26,MD,MD,MD,MD
2025-08-27,MD,MD,MD,MD
2025-08-28,MD,MD,MD,MD
2025-08-29,MD,MD,MD,MD
2025-08-30,MD,MD,MD,MD
2025-08-31,MD,MD,MD,MD
2025-09-01,299,3,0,294
2025-09-02,MD,MD,MD,MD
2025-09-03,MD,MD,MD,MD
2025-09-04,MD,MD,MD,MD
2025-09-05,MD,MD,MD,MD
2025-09-06,MD,MD,MD,MD
2025-09-07,MD,MD,MD,MD
2025-09-08,318,19,0,313
2025-09-09,MD,MD,MD,MD
2025-09-10,MD,MD,MD,MD
2025-09-11,MD,MD,MD,MD
2025-09-12,MD,MD,MD,MD
2025-09-13,MD,MD,MD,MD
2025-09-14,MD,MD,MD,MD
2025-09-15,340,22,0,335
2025-09-16,MD,MD,MD,MD
2025-09-17,MD,MD,MD,MD
2025-09-18,MD,MD,MD,MD
2025-09-19,MD,MD,MD,MD
2025-09-20,MD,MD,MD,MD
2025-09-21,MD,MD,MD,MD
2025-09-22,356,16,0,351
2025-09-23,MD,MD,MD,MD
2025-09-24,MD,MD,MD,MD
2025-09-25,MD,MD,MD,MD
2025-09-26,MD,MD,MD,MD
2025-09-27,MD,MD,MD,MD
2025-09-28,MD,MD,MD,MD
2025-09-29,368,12,0,363
2025-09-30,MD,MD,MD,MD
2025-10-01,MD,MD,MD,MD
2025-10-02,MD,MD,MD,MD
2025-10-03,MD,MD,MD,MD
2025-10-04,MD,MD,MD,MD
2025-10-05,MD,MD,MD,MD
2025-10-06,378,10,0,373
2025-10-07,MD,MD,MD,MD
2025-10-08,MD,MD,MD,MD
2025-10-09,MD,MD,MD,MD
2025-10-10,MD,MD,MD,MD
2025-10-11,MD,MD,MD,MD
2025-10-12,MD,MD,MD,MD
2025-10-13,390,12,0,385
2025-10-14,MD,MD,MD,MD
2025-10-15,MD,MD,MD,MD
2025-10-16,MD,MD,MD,MD
2025-10-17,MD,MD,MD,MD
2025-10-18,MD,MD,MD,MD
2025-10-19,MD,MD,MD,MD
2025-10-20,399,9,0,394
2025-10-21,MD,MD,MD,MD
2025-10-22,MD,MD,MD,MD
2025-10-23,MD,MD,MD,MD
2025-10-24,MD,MD,MD,MD
2025-10-25,MD,MD,MD,MD
2025-10-26,MD,MD,MD,MD
2025-10-27,413,14,0,408
2025-10-28,MD,MD,MD,MD
2025-10-29,MD,MD,MD,MD
2025-10-30,MD,MD,MD,MD
2025-10-31,MD,MD,MD,MD
2025-11-01,MD,MD,MD,MD
2025-11-02,MD,MD,MD,MD
2025-11-03,431,18,0,423
2025-11-04,MD,MD,MD,MD
2025-11-05,MD,MD,MD,MD
2025-11-06,MD,MD,MD,MD
2025-11-07,MD,MD,MD,MD
2025-11-08,MD,MD,MD,MD
2025-11-09,MD,MD,MD,MD
2025-11-10,443,12,0,434
2025-11-11,MD,MD,MD,MD
2025-11-12,MD,MD,MD,MD
2025-11-13,MD,MD,MD,MD
2025-11-14,MD,MD,MD,MD
2025-11-15,MD,MD,MD,MD
2025-11-16,MD,MD,MD,MD
2025-11-17,460,17,0,451
2025-11-18,MD,MD,MD,MD
2025-11-19,MD,MD,MD,MD
2025-11-20,MD,MD,MD,MD
2025-11-21,MD,MD,MD,MD
2025-11-22,MD,MD,MD,MD
2025-11-23,MD,MD,MD,MD
2025-11-24,481,21,0,472
2025-11-25,MD,MD,MD,MD
2025-11-26,MD,MD,MD,MD
2025-11-27,MD,MD,MD,MD
2025-11-28,MD,MD,MD,MD
2025-11-29,MD,MD,MD,MD
2025-11-30,MD,MD,MD,MD
2025-12-01,503,22,0,494
2025-12-02,MD,MD,MD,MD
2025-12-03,MD,MD,MD,MD
2025-12-04,MD,MD,MD,MD
2025-12-05,MD,MD,MD,MD
2025-12-06,MD,MD,MD,MD
2025-12-07,MD,MD,MD,MD
2025-12-08,537,34,0,528
2025-12-09,MD,MD,MD,MD
2025-12-10,MD,MD,MD,MD
2025-12-11,MD,MD,MD,MD
2025-12-12,MD,MD,MD,MD
2025-12-13,MD,MD,MD,MD
2025-12-14,MD,MD,MD,MD
2025-12-15,568,31,0,559
2025-12-16,MD,MD,MD,MD
2025-12-17,MD,MD,MD,MD
2025-12-18,MD,MD,MD,MD
2025-12-19,MD,MD,MD,MD
2025-12-20,MD,MD,MD,MD
2025-12-21,MD,MD,MD,MD
2025-12-22,605,37,0,593
